Model,Train Accuracy,Test Accuracy,Precision,Recall,F1-Score,Jaccard Index,Log Loss
KNN,0.8611111111111112,0.8333333333333334,0.8,1.0,0.888888888888889,0.8,0.36621905248824704
Decision Tree,0.8611111111111112,0.8333333333333334,0.8,1.0,0.888888888888889,0.8,0.2734321479618003
Logistic Regression,0.875,0.8333333333333334,0.8,1.0,0.888888888888889,0.8,0.4786666968559153
SVM,0.8888888888888888,0.8333333333333334,0.8,1.0,0.888888888888889,0.8,0.37719983199793816
